{
  "date": "Fri Nov 03 13:00:32 SGT 2017",
  "author": "jorgaf",
  "description": "File created by Loxa Web site exporter. http://www.j4loxa.com/sna/gephi/plugins/index.html",
  "graphs": [
    {
      "name": "Workspace2",
      "title": "Title to Workspace2",
      "tip": "",
      "nodes": "140",
      "edges": "130",
      "description": "",
      "imgColorDescription": "",
      "graphfile": "Workspace2/Workspace2.csv",
      "pdffile": "Workspace2/Workspace2.pdf",
      "browsegraph": "Workspace2/Workspace2.gexf",
      "type": "Directed",
      "metrics": [
        {
          "name": "Metric 1",
          "value": "0,00",
          "description": "Description for metric 1"
        },
        {
          "name": "Metric 2",
          "value": "0,00",
          "description": "Description for metric 2"
        },
        {
          "name": "Metric 3",
          "value": "0,00",
          "description": "Description for metric 3"
        },
        {
          "name": "Metric 4",
          "value": "0,00",
          "description": "Description for metric 4"
        },
        {
          "name": "Metric 5",
          "value": "0,00",
          "description": "Description for metric 5"
        },
        {
          "name": "Metric 6",
          "value": "0,00",
          "description": "Description for metric 6"
        },
        {
          "name": "Metric 7",
          "value": "0,00",
          "description": "Description for metric 7"
        },
        {
          "name": "Metric 8",
          "value": "0,00",
          "description": "Description for metric 8"
        }
      ]
    }
  ]
}